<eml:eml xmlns:eml="https://eml.ecoinformatics.org/eml-2.2.0"
         xmlns:dc="http://purl.org/dc/terms/"
         xmlns:xsi="http://www.w3.org/2001/XMLSchema-instance"
         xsi:schemaLocation="https://eml.ecoinformatics.org/eml-2.2.0 https://rs.gbif.org/schema/eml-gbif-profile/1.3/eml.xsd"
         packageId="6d9e952f-948c-4483-9807-575348147c7e/v1.14" system="http://gbif.org" scope="system"
         xml:lang="eng">
    <dataset>
        <alternateIdentifier>6d9e952f-948c-4483-9807-575348147c7e</alternateIdentifier>
        <alternateIdentifier>https://ipt.inbo.be/resource?r=unified-checklist</alternateIdentifier>
        <title xml:lang="eng">Global Register of Introduced and Invasive Species - Belgium</title>
        <creator>
            <individualName>
                <givenName>Peter</givenName>
                <surName>Desmet</surName>
            </individualName>
            <organizationName>Research Institute for Nature and Forest (INBO)</organizationName>
            <address>
                <country>BE</country>
            </address>
            <electronicMailAddress>peter.desmet@inbo.be</electronicMailAddress>
            <userId directory="https://orcid.org/">0000-0002-8442-8025</userId>
        </creator>
        <creator>
            <individualName>
                <givenName>Lien</givenName>
                <surName>Reyserhove</surName>
            </individualName>
            <organizationName>Research Institute for Nature and Forest (INBO)</organizationName>
            <address>
                <country>BE</country>
            </address>
            <electronicMailAddress>lien.reyserhove@inbo.be</electronicMailAddress>
            <userId directory="https://orcid.org/">0000-0001-7484-9267</userId>
        </creator>
        <creator>
            <individualName>
                <givenName>Damiano</givenName>
                <surName>Oldoni</surName>
            </individualName>
            <organizationName>Research Institute for Nature and Forest (INBO)</organizationName>
            <address>
                <country>BE</country>
            </address>
            <electronicMailAddress>damiano.oldoni@inbo.be</electronicMailAddress>
            <userId directory="https://orcid.org/">0000-0003-3445-7562</userId>
        </creator>
        <creator>
            <individualName>
                <givenName>Quentin</givenName>
                <surName>Groom</surName>
            </individualName>
            <organizationName>Botanic Garden Meise</organizationName>
            <address>
                <country>BE</country>
            </address>
            <electronicMailAddress>quentin.groom@plantentuinmeise.be</electronicMailAddress>
            <userId directory="https://orcid.org/">0000-0002-0596-5376</userId>
        </creator>
        <creator>
            <individualName>
                <givenName>Tim</givenName>
                <surName>Adriaens</surName>
            </individualName>
            <organizationName>Research Institute for Nature and Forest (INBO)</organizationName>
            <address>
                <country>BE</country>
            </address>
            <electronicMailAddress>tim.adriaens@inbo.be</electronicMailAddress>
            <userId directory="https://orcid.org/">0000-0001-7268-4200</userId>
        </creator>
        <creator>
            <individualName>
                <givenName>Sonia</givenName>
                <surName>Vanderhoeven</surName>
            </individualName>
            <organizationName>Belgian Biodiversity Platform</organizationName>
            <address>
                <country>BE</country>
            </address>
            <electronicMailAddress>s.vanderhoeven@biodiversity.be</electronicMailAddress>
            <userId directory="https://orcid.org/">0000-0002-6298-5373</userId>
        </creator>
        <creator>
            <individualName>
                <givenName>Shyama</givenName>
                <surName>Pagad</surName>
            </individualName>
            <organizationName>IUCN SSC Invasive Species Specialist Group (ISSG)</organizationName>
            <address>
                <country>NZ</country>
            </address>
            <electronicMailAddress>s.pagad@auckland.ac.nz</electronicMailAddress>
        </creator>
        <metadataProvider>
            <individualName>
                <givenName>Peter</givenName>
                <surName>Desmet</surName>
            </individualName>
            <organizationName>Research Institute for Nature and Forest (INBO)</organizationName>
            <address>
                <country>BE</country>
            </address>
            <electronicMailAddress>peter.desmet@inbo.be</electronicMailAddress>
            <userId directory="https://orcid.org/">0000-0002-8442-8025</userId>
        </metadataProvider>
        <metadataProvider>
            <individualName>
                <givenName>Lien</givenName>
                <surName>Reyserhove</surName>
            </individualName>
            <organizationName>Research Institute for Nature and Forest (INBO)</organizationName>
            <address>
                <country>BE</country>
            </address>
            <electronicMailAddress>lien.reyserhove@inbo.be</electronicMailAddress>
            <userId directory="https://orcid.org/">0000-0001-7484-9267</userId>
        </metadataProvider>
        <pubDate>
            2025-04-01
        </pubDate>
        <language>eng</language>
        <abstract>
            <para>The Global Register of Introduced and Invasive Species - Belgium is a species checklist published by the Invasive Species Specialist Group (ISSG). It contains information on 3,850+ validated non-native taxa in Belgium and serves as the national reference for the Global Register of Introduced and Invasive Species (GRIIS, Pagad et al. 2018). The checklist is created through an open and reproducible workflow developed for the TrIAS project (http://trias-project.be, see Methodology). It is published here as a standardized Darwin Core Archive and includes for each taxon: the scientific name, higher classification and stable taxon identifier, provided by the GBIF Backbone Taxonomy (in the taxon core) and related information in three extensions, provided by the source checklists (or the most trustworthy one in case of competing information). The related information consists of the year of first introduction and last assessment/observation in Belgium and where available its regions (given as a year range in the event date in the distribution extension), coarse habitat information (in the species profile extension) and the pathway(s) of introduction, native ranges (following UN geoscheme), and invasion stage in Belgium (in the description extension). The source for each piece of information is credited. Issues with the dataset can be reported at https://github.com/trias-project/unified-checklist</para><para>We have released this dataset under a Creative Commons Attribution 4.0 International License (CC-BY 4.0). We would appreciate it if you follow the GBIF citation guidelines (https://www.gbif.org/citation-guidelines) when using the data. If you have any questions regarding this dataset, don’t hesitate to contact us via the contact information provided in the metadata or via https://twitter.com/trias_project.</para><para>This dataset was published as open data for the TrIAS project (Tracking Invasive Alien Species http://trias-project.be, Vanderhoeven et al. 2017), with technical support provided by the Research Institute for Nature and Forest (INBO).</para>
        </abstract>
        <keywordSet>
            <keyword>Checklist</keyword>
            <keywordThesaurus>GBIF Dataset Type Vocabulary: http://rs.gbif.org/vocabulary/gbif/dataset_type.xml</keywordThesaurus>
        </keywordSet>
        <keywordSet>
            <keyword>Inventorythematic</keyword>
            <keywordThesaurus>GBIF Dataset Subtype Vocabulary: http://rs.gbif.org/vocabulary/gbif/dataset_subtype.xml</keywordThesaurus>
        </keywordSet>
        <keywordSet>
            <keyword>country_BE</keyword>
            <keyword>checklist</keyword>
            <keyword>inventory</keyword>
            <keyword>alien species</keyword>
            <keyword>non-native</keyword>
            <keyword>invasive</keyword>
            <keyword>Belgium</keyword>
            <keyword>TrIAS</keyword>
            <keywordThesaurus>n/a</keywordThesaurus>
        </keywordSet>
        <keywordSet>
            <keyword>Checklist</keyword>
            <keywordThesaurus>GBIF Dataset Type Vocabulary: http://rs.gbif.org/vocabulary/gbif/dataset_type_2015-07-10.xml</keywordThesaurus>
        </keywordSet>
        <intellectualRights>
            <para>This work is licensed under a <ulink url="http://creativecommons.org/licenses/by/4.0/legalcode"><citetitle>Creative Commons Attribution (CC-BY) 4.0 License</citetitle></ulink>.</para>
        </intellectualRights>
        <distribution scope="document">
            <online>
                <url function="information">https://trias-project.github.io/unified-checklist/</url>
            </online>
        </distribution>
        <coverage>
            <geographicCoverage>
                <geographicDescription>This checklist covers non-native species recorded in (at least part of) Belgium, and includes terrestrial, freshwater and marine habitats.</geographicDescription>
                <boundingCoordinates>
                    <westBoundingCoordinate>2.53</westBoundingCoordinate>
                    <eastBoundingCoordinate>6.41</eastBoundingCoordinate>
                    <northBoundingCoordinate>51.51</northBoundingCoordinate>
                    <southBoundingCoordinate>49.49</southBoundingCoordinate>
                </boundingCoordinates>
            </geographicCoverage>
            <temporalCoverage>
                <rangeOfDates>
                    <beginDate>
                        <calendarDate>1500-01-01</calendarDate>
                    </beginDate>
                    <endDate>
                        <calendarDate>2023-12-31</calendarDate>
                    </endDate>
                </rangeOfDates>
            </temporalCoverage>
            <taxonomicCoverage>
                <generalTaxonomicCoverage>This checklist includes registered non-native taxa present in Belgium. It covers 3,899 unique taxa and five kingdoms: Plantae (2,814 taxa), Animalia (1,037 taxa), Fungi (43 taxa), Chromista (4 taxa) and Protozoa (1 taxon). This number of species is expected to increase with future updates. All taxonomic information is provided by the GBIF Backbone Taxonomy (https://doi.org/10.15468/39omei).</generalTaxonomicCoverage>
                <taxonomicClassification>
                    <taxonRankName>kingdom</taxonRankName>
                    <taxonRankValue>Plantae</taxonRankValue>
                </taxonomicClassification>
                <taxonomicClassification>
                    <taxonRankName>kingdom</taxonRankName>
                    <taxonRankValue>Animalia</taxonRankValue>
                </taxonomicClassification>
                <taxonomicClassification>
                    <taxonRankName>kingdom</taxonRankName>
                    <taxonRankValue>Fungi</taxonRankValue>
                </taxonomicClassification>
                <taxonomicClassification>
                    <taxonRankName>kingdom</taxonRankName>
                    <taxonRankValue>Chromista</taxonRankValue>
                </taxonomicClassification>
                <taxonomicClassification>
                    <taxonRankName>kingdom</taxonRankName>
                    <taxonRankValue>Protozoa</taxonRankValue>
                </taxonomicClassification>
            </taxonomicCoverage>
        </coverage>
        <maintenance>
            <description>
                <para></para>
            </description>
            <maintenanceUpdateFrequency>asNeeded</maintenanceUpdateFrequency>
        </maintenance>
        <contact>
            <individualName>
                <givenName>Peter</givenName>
                <surName>Desmet</surName>
            </individualName>
            <organizationName>Research Institute for Nature and Forest (INBO)</organizationName>
            <address>
                <country>BE</country>
            </address>
            <electronicMailAddress>peter.desmet@inbo.be</electronicMailAddress>
            <userId directory="https://orcid.org/">0000-0002-8442-8025</userId>
        </contact>
        <methods>
            <methodStep>
                <description>
                    <para>Data for this checklist are retrieved, unified and standardized from source checklists through a series of RMarkdown scripts (https://github.com/trias-project/unified-checklist/tree/master/src) that are versioned on GitHub (https://github.com/trias-project/unified-checklist) and which include the following steps:</para>
                </description>
            </methodStep>
            <methodStep>
                <description>
                    <para>Choose published checklists to use as sources for this unified checklist and retrieve their taxa from GBIF (https://trias-project.github.io/unified-checklist/1_get_taxa.html).</para>
                </description>
            </methodStep>
            <methodStep>
                <description>
                    <para>Filter taxa on their associated distribution information to only target non-native species present in Belgium (https://trias-project.github.io/unified-checklist/1_get_taxa.html#filter-on-distribution).</para>
                </description>
            </methodStep>
            <methodStep>
                <description>
                    <para>Retrieve the GBIF Backbone Taxonomy information assigned for each taxon, as well as their originally published distribution, species profile and description information (https://trias-project.github.io/unified-checklist/2_get_information.html).</para>
                </description>
            </methodStep>
            <methodStep>
                <description>
                    <para>Verify (by humans) the synonymy information returned by the GBIF Backbone Taxonomy, i.e. accepting or rejecting the lumping of taxa that differ in their scientific name, but can be considered the same within or across checklists (https://trias-project.github.io/unified-checklist/3_verify_taxa.html).</para>
                </description>
            </methodStep>
            <methodStep>
                <description>
                    <para>Unify taxa within and across checklists to get a unique list of taxa and append higher classification information using the GBIF Backbone Taxonomy (https://trias-project.github.io/unified-checklist/4_unify_taxa.html).</para>
                </description>
            </methodStep>
            <methodStep>
                <description>
                    <para>Unify related information to get a single distribution per location per taxon and species profile per taxon (based on the most trustworthy source checklist in case of competing information), as well as all unique descriptions (https://trias-project.github.io/unified-checklist/5_unify_information.html), including standardization of the native range to UN geoscheme regions.</para>
                </description>
            </methodStep>
            <methodStep>
                <description>
                    <para>Standardize the checklist to a Darwin Core Archive (https://trias-project.github.io/unified-checklist/6_dwc_mapping) containing 1) a taxon core (http://rs.gbif.org/core/dwc_taxon.xml), 2) a distribution extension (http://rs.gbif.org/extension/gbif/1.0/distribution.xml) with one distribution per taxon, 3) a species profile extension (http://rs.gbif.org/extension/gbif/1.0/speciesprofile.xml) and 4) a description extension (http://rs.gbif.org/extension/gbif/1.0/description.xml). The description extension contains information on the pathway of introduction (using the pathway vocabulary from the Convention on Biological Diversity (2014)), native range (using the WGSRPD vocabulary from Brummitt (2001) where applicable), and invasion stage (based on Blackburn et al. (2011)).</para>
                </description>
            </methodStep>
            <methodStep>
                <description>
                    <para>The resulting Darwin Core data files are uploaded to the INBO IPT and documented with metadata.</para>
                </description>
            </methodStep>
            <methodStep>
                <description>
                    <para>The dataset is published and registered with GBIF.</para>
                </description>
            </methodStep>
            <sampling>
                <studyExtent>
                    <description>
                        <para>This checklist includes all registered non-native taxa present (present, common, rare, irregular) in Belgium included in the source checklists (see sampling description).</para>
                    </description>
                </studyExtent>
                <samplingDescription>
                    <para>This unified checklist is the result of two open and reproducible data pipelines developed for the TrIAS project (http://trias-project.be). In the data publication pipeline, we use the Checklist recipe (https://github.com/trias-project/checklist-recipe/wiki) to standardize and publish a selection of authoritative species checklists as Darwin Core Archives to GBIF. Predominantly, these checklists record the presence of alien species in Belgium for a specific taxon group or habitat and are maintained by their respective authors. In the data processing pipeline, we extract all Belgian non-native taxa from these checklists and unify their taxonomy using the GBIF Backbone Taxonomy (https://doi.org/10.15468/39omei). This automated process is implemented and documented at https://trias-project.github.io/unified-checklist/ and described in brief in &quot;Method step description&quot;. The sources used for the unified checklist are:

1. Manual of the Alien Plants of Belgium (Verloove et al. 2018, https://doi.org/10.15468/wtda1m),
2. Checklist of alien birds of Belgium (Preda et al. 2019, https://doi.org/10.15468/wr3gis),
3. Checklist of non-native freshwater fishes in Flanders, Belgium (Verreycken et al. 2018, https://doi.org/10.15468/xvuzfh),
4. Checklist of alien herpetofauna of Belgium (van Doorn et al. 2021, https://doi.org/10.15468/pnxu4c),
5. Inventory of alien macroinvertebrates in Flanders, Belgium (Boets et al. 2018, https://doi.org/10.15468/yxcq07),
6. Registry of introduced terrestrial molluscs in Belgium (Backeljau et al. 2019, https://doi.org/10.15468/t13kwo),
7. Checklist of alien species in the Scheldt estuary in Flanders, Belgium (Soors et al. 2021, https://doi.org/10.15468/8zq9s4),
8. Catalogue of the Rust Fungi of Belgium (Vanderweyen et al. 2018, https://doi.org/10.15468/2dboyn),
9. WRiMS: World Register of Introduced Marine Species (Rius et al. 2023, https://doi.org/10.14284/347),
10. Waarnemingen.be / observations.be - List of species observed in Belgium (Swinnen et al. 2022, https://doi.org/10.15468/a7wkuh),
11. Ad hoc checklist of alien species in Belgium (Reyserhove et al. 2018, https://doi.org/10.15468/3pmlxs), and
12. RINSE - Pathways and vectors of biological invasions in Northwest Europe (Zieritz et al. 2018, https://doi.org/10.15468/guejza)</para>
                </samplingDescription>
            </sampling>
            <qualityControl>
                <description>
                    <para>Source checklists are verified by their authors and ranked by trust before processing. Scientific names not recognized or considered synonyms by the GBIF Backbone Taxonomy are verified (agree to lump or decide to keep as separate taxon) before inclusion (https://trias-project.github.io/unified-checklist/3_verify_taxa.html).</para>
                </description>
            </qualityControl>
        </methods>
        <project id="TrIAS">
            <title>Tracking Invasive Alien Species (TrIAS)</title>
            <personnel>
                <individualName>
                    <givenName>Tim</givenName>
                    <surName>Adriaens</surName>
                </individualName>
                <userId directory="http://orcid.org/">0000-0001-7268-4200</userId>
                <role>author</role>
            </personnel>
            <personnel>
                <individualName>
                    <givenName>Peter</givenName>
                    <surName>Desmet</surName>
                </individualName>
                <userId directory="http://orcid.org/">0000-0002-8442-8025</userId>
                <role>author</role>
            </personnel>
            <personnel>
                <individualName>
                    <givenName>Quentin</givenName>
                    <surName>Groom</surName>
                </individualName>
                <userId directory="http://orcid.org/">0000-0002-0596-5376</userId>
                <role>principalInvestigator</role>
            </personnel>
            <personnel>
                <individualName>
                    <givenName>Diederik</givenName>
                    <surName>Strubbe</surName>
                </individualName>
                <userId directory="http://orcid.org/">0000-0002-2613-4985</userId>
                <role>author</role>
            </personnel>
            <personnel>
                <individualName>
                    <givenName>Sonia</givenName>
                    <surName>Vanderhoeven</surName>
                </individualName>
                <userId directory="http://orcid.org/">0000-0002-6298-5373</userId>
                <role>author</role>
            </personnel>
            <abstract>
                <para>Imagine a future where dynamically, from year to year, we can track the progression of alien species (AS), identify emerging species, assess their current and future risk and timely inform policy in a seamless data-driven workflow. One that is built on open science and open data infrastructures. By using international biodiversity standards and facilities, we would ensure interoperability, repeatability and sustainability. This would make the process adaptable to future requirements in an evolving IAS policy landscape both locally and internationally. The project Tracking Invasive Alien Species (TrIAS) aims to do this for Belgium. For a full project description, see Vanderhoeven et al. (2017, https://doi.org/10.3897/rio.3.e13414).</para>
            </abstract>
            <funding>
                <para>TrIAS is funded by the Belgian Science Policy Office (BELSPO) call for Belgian Research Action through Interdisciplinary Networks (BRAIN).</para>
            </funding>
            <studyAreaDescription>
                <descriptor name="generic"
                            citableClassificationSystem="false">
                    <descriptorValue>Belgium.</descriptorValue>
                </descriptor>
            </studyAreaDescription>
            <designDescription>
                <description>
                    <para>The project builds on two components: 1) The establishment of a data mobilization framework for alien species data from diverse data sources and 2) the development of data-driven procedures for risk evaluation based on risk modelling, risk mapping and risk assessment. TrIAS uses facilities from the Global Biodiversity Information Facility (GBIF, http://www.gbif.org), standards from the Biodiversity Information Standards organization (TDWG, http://www.tdwg.org) and expertise from the Open science lab for biodiversity (https://oscibio.inbo.be) to create and facilitate a systematic workflow. Alien species data are gathered from a large set of regional, national and international initiatives, including citizen science data, with a wide taxonomic scope from marine, terrestrial and freshwater environments. Observation data are funnelled in repeatable ways to GBIF. In parallel, a Belgian checklist of alien species is established, benefiting from various taxonomic and project-based checklists foreseen for GBIF publication.</para>
                </description>
            </designDescription>
        </project>
    </dataset>
    <additionalMetadata>
        <metadata>
            <gbif>
                <dateStamp>2019-01-30T02:19:49.769+01:00</dateStamp>
                <hierarchyLevel>dataset</hierarchyLevel>
                <citation identifier="https://doi.org/10.15468/xoidmd">Desmet P, Reyserhove L, Oldoni D, Groom Q, Adriaens T, Vanderhoeven S, Pagad S (2025). Global Register of Introduced and Invasive Species - Belgium. Version 1.14. Invasive Species Specialist Group ISSG. Checklist dataset. https://doi.org/10.15468/xoidmd</citation>
                <bibliography>
                    <citation>Backeljau T, Reyserhove L, Desmet P (2019). Registry of introduced terrestrial molluscs in Belgium. Version 1.4. Research Institute for Nature and Forest (INBO). Checklist dataset https://doi.org/10.15468/t13kwo</citation>
                    <citation>Blackburn TM, Pysek P, Bacher S, Carlton JT, Duncan RP, Jarosik V, Wilson JRU &amp; Richardson DM (2011) A proposed unified framework for biological invasions. Trends in Ecology and Evolution 26: 333-339. https://doi.org/10.1016/j.tree.2011.03.023</citation>
                    <citation>Boets P, Lock K, Mertens J, Goethals P, Adriaens T, Groom Q, Brosens D, Desmet P, Reyserhove L (2018). Inventory of alien macroinvertebrates in Flanders, Belgium. Version 1.5. Ghent University. Checklist dataset https://doi.org/10.15468/yxcq07</citation>
                    <citation>Brummitt RK (2001) World Geographical Scheme for Recording Plant Distributions, Edition 2. Biodiversity Information Standards (TDWG) http://www.tdwg.org/standards/109</citation>
                    <citation>Convention on Biological Diversity (2014) Pathways of introduction of invasive species, their prioritization and management. UNEP/CBD/SBSTTA/18/9/Add.1. Secretariat of the Convention on Biological Diversity, Montreal. https://www.cbd.int/doc/meetings/sbstta/sbstta-18/official/sbstta-18-09-add1-en.pdf</citation>
                    <citation>GBIF Secretariat. GBIF Backbone Taxonomy. Checklist dataset https://doi.org/10.15468/39omei</citation>
                    <citation>Pagad S, Genovesi P, Carnevali L, Schigel D, McGeoch MA (2018). Introducing the Global Register of Introduced and Invasive Species. Sci. Data 5:170202 https://doi.org/10.1038/sdata.2017.202</citation>
                    <citation>Preda C, Adriaens T, Strubbe D, Desmet P, Reyserhove L (2019). Checklist of alien birds of Belgium. Version 1.3. Research Institute for Nature and Forest (INBO). Checklist dataset https://doi.org/10.15468/wr3gis</citation>
                    <citation>Reyserhove L, Groom Q, Adriaens T, Desmet P, Dekoninck W, Van Keer K, Lock K (2018). Ad hoc checklist of alien species in Belgium. Version 1.7. Research Institute for Nature and Forest (INBO). Checklist dataset https://doi.org/10.15468/3pmlxs</citation>
                    <citation>Rius M, Ahyong S, Bieler R, Boudouresque C, Costello MJ, Downey R, Galil BS, Gollasch S, Hutchings P, Kamburska L, Katsanevakis S, Kupriyanova E, Lejeusne C, Marchini A, Occhipinti A, Pagad S, Panov VE, Poore GCB, Robinson TB, Sterrer W, Turon X, Valls Domedel G, Verleye T, Vieira LM, Willan RC, Yeo Chong Jinn D, Zhan A (2023). World Register of Introduced Marine Species (WRiMS). https://doi.org/10.14284/347</citation>
                    <citation>Soors J, Van de Meutter F, Van Ryckeghem G, Adriaens T, Reyserhove L (2021). Checklist of alien species in the Scheldt estuary in Flanders, Belgium. Version 1.8. Research Institute for Nature and Forest (INBO). Checklist dataset https://doi.org/10.15468/8zq9s4</citation>
                    <citation>Swinnen K, Bronne L, Herremans M, Gielen K, Adriaens T, Baartmans T, Baert D, Baltus H, Barendse R, Boeraeve M, Boers K, Bogaert J, Bouillard N, Claerebout S, De Knijf G, De Beer D, De Smedt P, De Cock R, De Grave D, De Ketelaere A, Deblauwe I, Decrick L, Dekeukeleire D, Deraedt H, Devalez J, D&apos;Haeseleer J, Driessens G, Eysermans D, Fagot J, Hendrickx R, Jooris R, Langeraert W, Lavreys E, Lock K, Logghe G, Maes K, Mayon N, Moonen E, Mortelmans J, Muls D, Opdekamp W, Peeters K, Pieters R, Pollet M, Ravoet J, Rhebergen F, Schneider A, Segers S, Septor R, Soors J, Speybroeck J, Steeman C, Steeman R, Thomaes A, Uitterhaegen B, van Doorn L, van der Schoot P, Van den Neucker T, van den Berg E, Van Sanden P, Van De Poel S, Van Steenwinkel C, Vanormelingen P, Vantieghem P, Veraghtert W, Verbelen D, Verbeylen G, Verhaeghe F, Verheyde F, Vermeiren H, Vertommen W, Zeegers T, Lambrechts J, Vanreusel W, Paquet J, Desmet P (2022). Waarnemingen.be / observations.be - List of species observed in Belgium. Version 1.1. Natuurpunt. Checklist dataset https://doi.org/10.15468/a7wkuh</citation>
                    <citation>Vanderhoeven S, Adriaens T, Desmet P, Strubbe D, Backeljau T, Barbier Y, Brosens D, Cigar J, Coupremanne M, De Troch R, Eggermont H, Heughebaert A, Hostens K, Huybrechts P, Jacquemart A, Lens L, Monty A, Paquet J, Prévot C, Robertson T, Termonia P, Van De Kerchove R, Van Hoey G, Van Schaeybroeck B, Vercayie D, Verleye T, Welby S, Groom Q (2017) Tracking Invasive Alien Species (TrIAS): Building a data-driven framework to inform policy. Research Ideas and Outcomes 3: e13414. https://doi.org/10.3897/rio.3.e13414</citation>
                    <citation>Vanderweyen A, Fraiture A, Groom Q, Desmet P, Reyserhove L (2018). Catalogue of the Rust Fungi of Belgium. Version 1.2. Meise Botanic Garden. Checklist dataset https://doi.org/10.15468/2dboyn</citation>
                    <citation>van Doorn L, Reyserhove L, Speybroeck J, Adriaens T (2021). Checklist of alien herpetofauna of Belgium. Version 1.3. Research Institute for Nature and Forest (INBO). Checklist dataset https://doi.org/10.15468/pnxu4c</citation>
                    <citation>Verloove F, Groom Q, Brosens D, Desmet P, Reyserhove L (2018). Manual of the Alien Plants of Belgium. Version 1.10. Meise Botanic Garden. Checklist dataset https://doi.org/10.15468/wtda1m</citation>
                    <citation>Verreycken H, Belpaire C, Adriaens T, Desmet P, Reyserhove L (2018). Checklist of non-native freshwater fishes in Flanders, Belgium. Version 1.5. Research Institute for Nature and Forest (INBO). Checklist dataset https://doi.org/10.15468/xvuzfh</citation>
                    <citation>Zieritz A, Gallardo B, Baker S J, Britton R, van Valkenburg J L, Verreycken H, Aldridge D, Desmet P, Reyserhove L (2018). RINSE - Pathways and vectors of biological invasions in Northwest Europe. Version 1.4. Research Institute for Nature and Forest (INBO). Checklist dataset https://doi.org/10.15468/guejza</citation>
                </bibliography>
                <resourceLogoUrl>https://ipt.inbo.be/logo.do?r=unified-checklist</resourceLogoUrl>
                <dc:replaces>6d9e952f-948c-4483-9807-575348147c7e/v1.14.xml</dc:replaces>
            </gbif>
        </metadata>
    </additionalMetadata>
</eml:eml>
